https://www.mafengwo.cn/gonglve/ziyouxing/410254.html?cid=1010616,åƒåœ¨å››å·ï¼Œé£Ÿåœ¨è‡ªè´¡ï¼Œæœ¬åœ°äººéƒ½èµä¸ç»å£çš„ç›å¸®èœæ¨èï¼
https://www.mafengwo.cn/weixin/article-1045.html,çœ‹æµ·å‘å‘†ï¼Œå‡æ—¥æµ®æ½œï¼Ÿè¿™æ‰æ˜¯çš®çš®å²›é…’åº—çš„å¥½ç©æ³•
https://www.mafengwo.cn/i/24331357.html,Hyggeä¸¹éº¦ï¼Œæ˜¯æ—…é€”ä¸­çš„â€œå°ç¡®å¹¸â€â€”â€”ä¸¹éº¦8æ—¥è¡Œè®°
https://www.mafengwo.cn/gonglve/ziyouxing/204850.html?cid=1010616,é—´é—´å¸¦æ³³æ± ã€ç§å¯†æ€§ä½³ï¼Œçˆ±å¥¹å°±å¸¦å¥¹æ¥è«å‡¡å½¼åƒå†°æ·‡æ·‹å§
https://www.mafengwo.cn/gonglve/ziyouxing/407649.html?cid=1010616,ç¬¬ä¸€æ¬¡åˆ°ä¼ŠçŠï¼Œå¿…ä½“éªŒçš„5ä»¶äº‹ï¼
https://www.mafengwo.cn/i/5626556.html,å¡ç­æµ·å²›ä¹‹æ—…ï¼Œæˆ‘çš„ç¾ä¸½å‡æœŸ
https://www.mafengwo.cn/gonglve/ziyouxing/412642.html?cid=1010616,æ¨ªåº—å½±è§†åŸæœ‰å“ªå‡ ä¸ªæ™¯åŒºï¼Ÿé—¨ç¥¨æ€ä¹ˆä¹°ï¼Ÿæ€ä¹ˆç©æœ€æœ‰è¶£ï¼Ÿ
https://www.mafengwo.cn/gonglve/ziyouxing/405404.html?cid=1010616,å±±è¥¿å¤§åŒè¡Œå‰å¿…çœ‹æŒ‡å—
https://www.mafengwo.cn/i/20905144.html,ä¸æ¡‚å ‚ä»™--è®°ä¹æœˆæ­å·èµæ¡‚ (ä¸€ä»½è¯¦ç»†çš„æ­å·æ¡‚èŠ±åœ°å›¾)
https://www.mafengwo.cn/i/19629496.html,å’Œæœ‹å‹çš„è´µé˜³é€›åƒé€›åƒä¹‹æ—…
https://www.mafengwo.cn/i/21393154.html,å›é¡¾2020å¹´çš„10æ¬¡æ—…è¡Œï¼Œæœ€â€˜ç‰›â€™æ½®æ±•ä¹‹æ—…å®Œç¾æ”¶å®˜
https://www.mafengwo.cn/gonglve/ziyouxing/391688.html?cid=1010616,é‡åº†8å¤§ç»å…¸æ™¯ç‚¹ï¼ˆé™„é‡åº†è·¯çº¿æ¨èï¼‰
https://www.mafengwo.cn/i/12341282.html,æ¼«è¡ŒåœŸè€³å…¶ | ç©¿è¶Šåƒå¹´çš„å¹³è¡Œæ—¶ç©ºï¼Œèµ´ä¸€åœºçƒ­æ°”çƒçš„æµªæ¼«ä¹‹çº¦
https://www.mafengwo.cn/i/6725408.html,æ–°è¥¿å…°-æˆ‘å’Œå¥¹çš„æˆ¿è½¦ä¹‹æ—…ğŸ˜Š-å‘¨æ¸¸ä¸–ç•Œ 6thã®stop
https://www.mafengwo.cn/gonglve/ziyouxing/289244.html?cid=1010616,è€æˆéƒ½è¿·äººçš„çƒŸç«æ°” / é¾™ç‹åº™æ­£è¡—
https://www.mafengwo.cn/gonglve/ziyouxing/411851.html?cid=1010616,æ¯•æ£šæ²ŸåŠå‘¨è¾¹ï¼šèµ°è¿›ç†å¿çš„ç«¥è¯ä¸–ç•Œ
https://www.mafengwo.cn/i/9166293.html,é¾™è™å±±æ¸¸è®°ä¹‹äº” ------ è§‚çœ‹æ‚¬å´–é‡‡é›†è¯æï¼Œå¢æºªæ²³æ¸”æ°‘æ•é±¼ï¼Œ...
https://www.mafengwo.cn/gonglve/ziyouxing/94170.html?cid=1010616,é¦™æ¸¯è¿ªå£«å°¼å…¨æ”»ç•¥
https://www.mafengwo.cn/i/21107530.html,ä¸Šå¸è§†è§’ä¸‹çš„å¤§ç¾é’æµ· â¤ ä»ä¸œå°å‰ä¹ƒå°”æ¹–åˆ°å¯å¯è¥¿é‡Œ
https://www.mafengwo.cn/i/18544600.html,æ·±ç§‹ä¹‹è¡Œï¼ˆ3ï¼‰ç¦å»ºåœŸæ¥¼
https://www.mafengwo.cn/gonglve/ziyouxing/367804.html?cid=1010616,æ¡‚æ—æ—…æ¸¸æ”»ç•¥â¤æ¡‚æ—æ—…æ¸¸æ”»ç•¥â¤æ¡‚æ—æ—…æ¸¸æ”»ç•¥
https://www.mafengwo.cn/i/21394777.html,å¹¿å·ï½œå†¬å­£äº²å­æ¸¸çš„å¿…é€‰åœ°ï¼Œå››å­£å¦‚æ˜¥ï¼Œé¸Ÿè¯­èŠ±é¦™ï¼
https://www.mafengwo.cn/i/21227476.html,è‹¥é—®å¤ä»Šå¤©ä¸‹äº‹ï¼Œè¯·å›åªçœ‹æ´›é˜³åŸï¼ğŸ¯
https://www.mafengwo.cn/gonglve/ziyouxing/334448.html?cid=1010616,æ˜¥æ¸¸æ±Ÿæ·®è¯·æ‚¨æ¥ ï¼å¤§ç¾åºæ±ŸäºŒæ—¥æ¸¸æ”»ç•¥
https://www.mafengwo.cn/gonglve/ziyouxing/306496.html?cid=1010616,æ—¥æœ¬ç­¾è¯ | åŠç†æ—¥æœ¬ç­¾è¯æ—¶ï¼Œé“¶è¡Œæµæ°´ä¸å¤Ÿæ€ä¹ˆåŠï¼Ÿ
https://www.mafengwo.cn/localdeals/mdd_topic_606/?cid=1010616,ç©éå¤§åŒ—äº¬ï¼ä½ ç»ä¸å¯é”™è¿‡çš„æ™¯ç‚¹
https://www.mafengwo.cn/i/11419686.html,32å¤©52ä¸‡æ­¥ Â· æš´èµ°ä¸­ç©ç‚¹æ–‡è‰ºå°ä¼—çš„ ï¼ˆåŒ…å«æœªå¼€å‘çš„åœŸæ¥¼ï¼‰
https://www.mafengwo.cn/i/8709186.html,æ¡ƒçº¢æŸ³ç»¿æ˜¥æ°´æ‚ æ‚ ï¼Œä¸€æ´¾ç”Ÿæœºå‹ƒå‹ƒæ™¯è±¡
https://www.mafengwo.cn/i/23433414.html,å±±ä¸œï½œå¸¦ä½ ç©éé½é²å¤§åœ°ä¸Šçš„æ¯ä¸€ä¸ªæ¸¸ä¹åœºï¼
https://www.mafengwo.cn/gonglve/ziyouxing/299016.html?cid=1010616,ä¸ºä½•é•¿ä¸‰è§’çš„æ—¶é«¦é’å¹´æ‰å †å¾€æ²¹ç½é‡Œè·‘ï¼Ÿæ²‰æµ¸å¼æ–°é©¬æˆ~
https://www.mafengwo.cn/gonglve/ziyouxing/160900.html?cid=1010616,è´µé˜³å‘¨æœ«å»å“ªå„¿ç©ï¼Ÿè¿™äº›è¶…æ—¶é«¦çš„æ‰“å¡åœ°æ¨èç»™ä½ ï¼
https://www.mafengwo.cn/gonglve/ziyouxing/296016.html?cid=1010616,æ—¥æœ¬OLå¿ƒä¸­ç¬¬ä¸€åæ—…æ¸¸èƒœåœ°ï¼ã€Œç”±å¸ƒé™¢ã€ä¸€æ—¥è¡Œç¨‹æ€»æ•´ç†
https://www.mafengwo.cn/gonglve/ziyouxing/393120.html?cid=1010616,åŒ—äº¬åŸå¸‚è¥¿åŒ—è§’ï¼Œçè—çš‡å®¶å›­æ—-åœ†æ˜å›­ã€é¢å’Œå›­ã€é¦™å±±
https://www.mafengwo.cn/i/22344589.html,2021 ç¬¬åä¸€ç«™ï¼šæ²³å—ï½œæ— é™å®šåœ°å è½æ—¶ç©º
https://www.mafengwo.cn/gonglve/ziyouxing/388436.html?cid=1010616,æ­¦æ±‰å†å²éƒ½è—åœ¨è¿™äº›å»ºç­‘é‡Œ
https://www.mafengwo.cn/i/23498911.html,ç¯çƒæ—…è¡Œç³»åˆ—ï¼ˆåä¸ƒï¼‰åœŸè€³å…¶ | é‡æ¸©æ˜Ÿæœˆç¥è¯ï¼ˆå…¨å¢ƒè‡ªé©¾22å¤©ï¼‰
https://www.mafengwo.cn/i/18572755.html,ã€é™ªä½ æ—…è¡Œï¼Œå¯¹ä¸–ç•Œä¸Šç˜¾ã€‘ã® ç¬¬å››ç«™ï¼šæ–°åŠ å¡ #å¿ƒæƒ³ç‹®åŸ â¤ï¸S...
https://www.mafengwo.cn/gonglve/ziyouxing/178495.html?cid=1010616,æ³¢å°”å¤šç¾é£Ÿé…’åº„è·¯çº¿ï¼Œè´å…‹æ±‰å§†ä¸€å®¶ä¹Ÿå»çš„åŒæ¬¾æ‰“å¡åœ°
https://www.mafengwo.cn/i/21012064.html,ã€é™ªä½ æ—…è¡Œï¼Œå¯¹ä¸–ç•Œä¸Šç˜¾ã€‘ç¬¬å…­ç«™ï¼šè«å¹²å±±å¼€å…ƒæ£®æ³Š #ç§‹é€¸è«å¹²#
https://www.mafengwo.cn/gonglve/ziyouxing/246637.html?cid=1010616,æ‰¿å¾·æ—…æ¸¸å…¨æ”»ç•¥â€”â€”æ™¯ç‚¹ã€ç¾é£Ÿã€äº¤é€šã€ä½å®¿åº”æœ‰å°½æœ‰ï¼
https://www.mafengwo.cn/gonglve/ziyouxing/410829.html?cid=1010616,æ¥é¦–ä¸ªæ¸©æ³‰ä¹‹ä¹¡æ³¡æ±¤ï¼å¹¿ä¸œæ±Ÿé—¨8å®¶å®˜æ–¹è®¤è¯çœŸæ¸©æ³‰æ”»ç•¥
https://www.mafengwo.cn/i/18155599.html,åŸƒåŠğŸ‡ªğŸ‡¬
https://www.mafengwo.cn/gonglve/ziyouxing/111286.html?cid=1010616,æ›¼å½»æ–¯ç‰¹å›½é™…æœºåœº | å…¥å¢ƒäº¤é€šé€€ç¨ä¸€ç«™å¼æŒ‡å—
https://www.mafengwo.cn/gonglve/ziyouxing/325984.html?cid=1010616,æµ™æ±Ÿé¥•é¤®æµ·é²œä¹‹æ—…ï¼Œå—¨ç©åº¦å‡èƒœåœ°ï¼Œè¿™äº›ä½ éƒ½å€¼å¾—æ‹¥æœ‰ï¼
https://www.mafengwo.cn/gonglve/ziyouxing/406780.html?cid=1010616,ä¸‰æ¸…å±±æ¸¸è§ˆåŠå¾’æ­¥æ”»ç•¥æŒ‡å—ã€æŒ‡è·¯äººä¸–ç•Œé—äº§æ”»ç•¥ã€‘
https://www.mafengwo.cn/i/20257705.html,ä¸ç¾æ”¾çºµçˆ±è‡ªç”±ï½å¤§è‹±å¸å›½ä¹‹è‹æ ¼å…°ç¯‡
https://www.mafengwo.cn/gonglve/ziyouxing/182353.html?cid=1010616,ç¬¬ä¸€æ¬¡æ¥ä¸œåŒ—ï¼Œé™¤äº†æ»‘é›ªï¼Œè¿™äº›ä½ ä¹Ÿä¸èƒ½é”™è¿‡ï¼
https://www.mafengwo.cn/i/18574681.html,æµ·é©¬ä½“é‡Œçš„æ¬§æ´²â€”â€”æ·å…‹ã€å¥¥åœ°åˆ©ä¸­ä¸œæ¬§ä¸¤å›½åŠæœˆæ¸¸ä¹‹ã€Œæ·å…‹ç¯‡...
https://www.mafengwo.cn/i/23865254.html,å¤šç‘™æ²³æ˜ç ã€åŒˆç‰™åˆ©é¦–éƒ½ -- å¸ƒè¾¾ä½©æ–¯
https://www.mafengwo.cn/i/24073021.html,å¤šå¹´å‰çš„å¿µæƒ³ï¼Œå˜æˆäº†åæ¥çš„æƒ³å¿µ--2023å¹´1æœˆé˜³åº·åçš„å¹¿å·äº²å­æ¸¸
https://www.mafengwo.cn/i/21341497.html,ã€é™ªä½ æ—…è¡Œï¼Œå¯¹ä¸–ç•Œä¸Šç˜¾ã€‘ç¬¬ä¸ƒç«™ï¼šå®‰å‰  #ä¸¹æ«å®‰å‰#
https://www.mafengwo.cn/weixin/article-3524.html,ä¼¦æ•¦æ‰“å¡åœ°å›¾ | æ„Ÿå—åœ°é“è‹±ä¼¦é£
https://www.mafengwo.cn/i/24281047.html,ã€é™ªä½ æ—…è¡Œï¼Œå¯¹ä¸–ç•Œä¸Šç˜¾ã€‘ç¬¬åç«™ï¼šå®å¤ä¸­å«#å¤§æ¼ æ˜Ÿæ²³# æ˜Ÿæ˜Ÿé…’...
https://www.mafengwo.cn/i/7165307.html,ä¸‡æ°´åƒå±±ï¼Œæˆ‘é™ªä½ çœ‹â€”â€”æ¼ æ²³ æˆ‘ç»ˆäºæ‰¾åˆ°åŒ—äº†ï¼â€”â€”ï¼ˆä¸œä¸‰çœï¼‰
http://www.mafengwo.cn/localdeals/mdd_topic_330/?cid=1010616,å¸¦å­©å­åˆ°ä¸‰äºšæ€ä¹ˆç©? è¯¦ç»†åˆ°æ¯ä¸€å¤©çš„å®‰æ’
https://www.mafengwo.cn/gonglve/ziyouxing/269254.html?cid=1010616,åƒå®Œ8å®¶ç´ é£Ÿåï¼Œæ„Ÿè§‰è‡ªå·±å½»åº•ä½›ç³»äº†ä¸€å›
https://www.mafengwo.cn/i/24334944.html,è§£é”åº¦å‡æ–°æ–¹å¼|è¿™ä¸ªä¸ƒæœˆï¼Œè·³ä¸Šæ¸¸è½®ç¯æ¸¸å°ä¼—æ—¥æœ¬
https://www.mafengwo.cn/gonglve/ziyouxing/314720.html?cid=1010616,æŒ‡å— | ä¼¦æ•¦æ—…æ¸¸å¿…å¤‡ï¼Œ ç‰¡è›å¡Oyster Cardå…¨æ”»ç•¥
https://www.mafengwo.cn/gonglve/ziyouxing/415606.html?cid=1010616,æ²™ç‰¹é˜¿æ‹‰ä¼¯ä¸¨åˆ©é›…å¾—æ”»ç•¥ï¼šåŠå²›ä¸­å¿ƒæ–‡åŒ–ä¹‹éƒ½æ·±åº¦ä½“éªŒ
https://www.mafengwo.cn/i/16692483.html,æ— æ³•å¤åˆ¶çš„åœŸè€³å…¶è®°å¿†
https://www.mafengwo.cn/gonglve/ziyouxing/385304.html?cid=1010616,æˆéƒ½ç²¾åæ™¯ç‚¹ä¸¨è€æˆéƒ½ã€å¤œç”Ÿæ´»ã€æ–‡è‰ºèŒƒï¼ˆé™„è·¯çº¿å®‰æ’ï¼‰
https://www.mafengwo.cn/gonglve/ziyouxing/403540.html?cid=1010616,é»”å—æ—…æ¸¸æ”»ç•¥ï¼ˆä¸å¯é”™è¿‡çš„è”æ³¢æ™¯ç‚¹æ¨è+å¯¼èˆªè·¯çº¿ï¼‰
https://www.mafengwo.cn/i/8607238.html,2018å¹´å®¶åº­æ—¥BCçœå¤§ç™½å±±æ»‘é›ªè®°
https://www.mafengwo.cn/i/18567721.html,ä¸€ç§’å å…¥å¤©å ‚|æ¯›é‡Œæ±‚æ–¯èœœæœˆä¹‹æ—…ï¼»è¶…è¯¦ç»†è´¹ç”¨ï¼Ÿï¼½æ²¡æœ‰å¹²è´§ç³»åˆ—
https://www.mafengwo.cn/gonglve/ziyouxing/388708.html?cid=1010616,åœ¨æ­¦æ±‰çš„ä¸€æ—¥ä¸‰é¤ï¼Œè¿™äº›ç¾é£Ÿä¸å¯é”™è¿‡
https://www.mafengwo.cn/i/12085114.html,è§£é”ç‘å£«ï½è¿™é‡Œæ‰æ˜¯ç«¥è¯ä¸–ç•Œçš„çœŸå®æ¨¡æ ·
https://www.mafengwo.cn/gonglve/ziyouxing/410293.html?cid=1010616,å¦è¾Ÿè¹Šå¾„æ·±åº¦ç©è‡ªè´¡ï¼šçœ‹æˆå–èŒ¶ã€ä¼šé¦†é—å€ã€éé—ä½“éªŒ
https://www.mafengwo.cn/gonglve/ziyouxing/382872.html?cid=1010616,1600å¹´å‰ï¼Œæœ‰ä½å¥³æ€§å»ºäº†ä¸€åº§åŸå¢™ï¼Œæˆä¸ºè¥„é˜³è‘—åçš„å¤«äººåŸ
https://www.mafengwo.cn/i/11306426.html,ã€Nov. Thaiã€‘å»æ‰“ç¿»åŸå¸‚çš„è°ƒè‰²ç›˜ğŸ‘’ | æ›¼è°· æ¸…è¿ˆï¼ˆæ”»ç•¥å¸–ã€é˜²...
https://www.mafengwo.cn/i/16494198.html,æµ·å—éª‘è¡Œ | 4å¤©450KM | æ¸©æŸ”çš„å²æœˆç»å¾—èµ·æŠ˜è…¾ | è§†é¢‘å›¾ç‰‡å‡æ‰‹...
https://www.mafengwo.cn/i/19031278.html,å·è¥¿å››æ—¥è¡Œ
https://www.mafengwo.cn/gonglve/ziyouxing/387612.html?cid=1010616,æ—èŠè¿™äº›å¿…æ‰“å¡ç¾æ™¯ï¼Œç¼ºä¸€ä¸ªéƒ½ä¸ç®—æ¥è¿‡
https://www.mafengwo.cn/gonglve/ziyouxing/242746.html?cid=1010616,"711åŠ›èçš„ç½‘çº¢é¢,æˆ‘å…ˆæ›¿ä½ å°å°"
https://www.mafengwo.cn/i/8755602.html,èœœæœˆä¹‹è¡Œâ€”å·´å“ˆé©¬æ‘¸çŒªã€æ”¯æŒå¤å·´äººæ°‘ã€å¢¨è¥¿å“¥åƒTaco
https://www.mafengwo.cn/gonglve/ziyouxing/99090.html?cid=1010616,ä¸œäº¬å‘¨è¾¹çŸ­é€”æ—…è¡Œç›®çš„åœ°
https://www.mafengwo.cn/i/24336151.html,é£’çˆ½ç§‹æ—¥é†‰æ¹–å· | å—æµ”å¤é•‡+çŸ³æ·™èŠ±æµ· 2å¤©1å¤œäº²å­æ¼«æ¸¸
https://www.mafengwo.cn/gonglve/ziyouxing/235024.html?cid=1010616,å†¬å­£åŒ—æµ·é“æ—…è¡ŒæŒ‡å—
https://www.mafengwo.cn/gonglve/ziyouxing/266170.html?cid=1010616,è™è·³å³¡ç™½æ°´å°+é¦™æ ¼é‡Œæ‹‰+æ³¸æ²½æ¹–æ”»ç•¥
https://www.mafengwo.cn/i/11945186.html,æš¹ç²’å´å“¥çªŸä¸€åœ°è‡ªç”±è¡Œä½ æƒ³äº†è§£çš„éƒ½åœ¨è¿™å„¿äº†ï¼
https://www.mafengwo.cn/gonglve/ziyouxing/288612.html?cid=1010616,æ›¼è°·èŠ­æé›…å¿…çœ‹å‡ºè¡ŒæŒ‡å—
https://www.mafengwo.cn/gonglve/ziyouxing/232252.html?cid=1010616,è«é«˜çªŸå…¨æ–°æ”»ç•¥â€”â€”è¡Œå‰å¿…é¡»è¦äº†è§£çš„å¹²è´§
https://www.mafengwo.cn/i/19708402.html,"å†·é¢ç¾å¥³è¯¯å…¥å¼‚åŸŸæ˜Ÿçƒ
          â€”â€”æ‰“å¡å¢¨çŸ³å…¬å›­ï¼Œæœ¨é›…åœ£åœ°"
https://www.mafengwo.cn/i/20042551.html,"å§‘å¨˜ï¼Œè¿™å¢æœ‰ç¤¼äº†ï¼
             â€”â€”å››å§‘å¨˜å±±åŒæ²Ÿè¡Œ"
https://www.mafengwo.cn/i/19902652.html,æŒ‚åœ¨æ‚¬å´–ä¸Šçš„è£™çº±â€”â€”å²³æ± ä½å‘ç€‘å¸ƒ  é‚›å´ƒå—å®å±±
https://www.mafengwo.cn/gonglve/ziyouxing/371220.html?cid=1010616,å…¨åŸŸæ—…æ¸¸å±¯æºª | å¾½å·éé—è´­ç‰©èŠ‚ï¼Œç‚¹äº®æ˜±åŸå¤œç”Ÿæ´»ï¼
https://www.mafengwo.cn/gonglve/ziyouxing/274636.html?cid=1010616,ä¸‰äºšç¾é£Ÿæ”»ç•¥ï¼Œèµ„æ·±åƒè´§å¸¦ä½ åƒéä¸‰äºšç¾é£Ÿï¼
https://www.mafengwo.cn/gonglve/ziyouxing/381184.html?cid=1010616,æ¥é•¿æ²™æ—…æ¸¸ï¼Œè¿™äº›äº¤é€šåŠè¡Œå‰å‡†å¤‡ä¸€å®šè¦çœ‹
https://www.mafengwo.cn/i/23039905.html,ç»¿ç›–åŠç¯™æ–°é›¨ï¼Œçº¢é¦™ä¸€ç‚¹æ¸…é£â€”â€”æˆéƒ½æœ›ä¸›ç¥ 
https://www.mafengwo.cn/gonglve/ziyouxing/152581.html?cid=1010616,æµå·å²› | çƒ­é—¨æ™¯ç‚¹å…¨æœç½—ï¼Œå¯»æ‰¾å¤šå½©çš„æµå·å‡æ—¥
https://www.mafengwo.cn/gonglve/ziyouxing/392284.html?cid=1010616,ç¨»åŸäº”æ—¥æ¸¸-çº¿è·¯
https://www.mafengwo.cn/i/10211502.html,æ—…è¡Œ|ç¾ä¸½åˆå±é™©ï¼Œå—æ³•èµèŠ±ä½ æ€•äº†ä¹ˆï¼Ÿ
https://www.mafengwo.cn/i/21667672.html,å¼€å°ï¼Œä¸€åº§èƒ½è®©ä½ æ¢¦å›å¤§å®‹çš„å¤åŸ
https://www.mafengwo.cn/gonglve/ziyouxing/252064.html?cid=1010616,åœ¨ä¸œäº¬å»å“ªå„¿æ‰¾åƒçš„ï¼Ÿè·Ÿç€è¿™ä»½å›½æ°‘ã€Œ ç™¾ååº—ã€è¶³å¤Ÿäº†
https://www.mafengwo.cn/gonglve/ziyouxing/402304.html?cid=1010616,ç“¦ç½ä¸Šçš„å—æ˜Œï¼Œå—æ˜Œç¾é£Ÿå°‘ä¸äº†è¿™ä¸€ç¢—æ±¤
https://www.mafengwo.cn/i/17651608.html,ç”˜é’ç¯çº¿è‡ªé©¾æ¸¸æµæ°´è´¦
https://www.mafengwo.cn/gonglve/ziyouxing/335620.html?cid=1010616,æ–°ç–†ç¾æ™¯æ”»ç•¥å›¾ç‰‡
https://www.mafengwo.cn/i/12011638.html,å¯»æ¢¦ç¯æ¸¸15å¤©å¢¨è¥¿å“¥å¤å·´è¡Œâ€”â€”ä¹‹å¢¨è¥¿å“¥ä¸‹ç¯‡
https://www.mafengwo.cn/i/22744153.html,äº”æœˆè‡ªé©¾ç”˜å—å·åŒ—ï¼Œç©¿è¶Šé£éœœé›¨é›ª
https://www.mafengwo.cn/i/23936740.html,æ³¸äºšçº¿||2022å¹´æˆ‘æœ€åçš„å€”çŠŸ
https://www.mafengwo.cn/gonglve/ziyouxing/116926.html?cid=1010616,æ­¦ä¾¯ç¥ Â·é”¦é‡Œå…¨æ”»ç•¥ | ä¸ç›¸ç¥ å ‚ä½•å¤„å¯»
https://www.mafengwo.cn/i/21359191.html,æ¢äº²è®¿å‹ç•…æ¸¸å±±ä¸œï¼ˆç»­ï¼‰
https://www.mafengwo.cn/gonglve/ziyouxing/374828.html?cid=1010616,è¥¿è—é˜¿é‡Œä¸­åŒ—çº¿æ”»ç•¥ï¼šæ„Ÿå—ä¸€æªå†æªçš„ç¾
https://www.mafengwo.cn/i/17265373.html,è¯´èµ°å°±èµ° ä¸ˆé‡ä»–ä¹¡å¼‚å›½ è¯´ä¸å°½ä¸‡ç§å¦–å¨†
https://www.mafengwo.cn/gonglve/ziyouxing/358044.html?cid=1010616,è´µå·æ—…æ¸¸æ”»ç•¥â¤è´µå·æ—…æ¸¸æ”»ç•¥â¤è´µå·æ—…æ¸¸æ”»ç•¥
https://www.mafengwo.cn/i/23465046.html,è‡ªé©¾å·è¥¿ï¼Œå¯»é‚£ç‰‡æ¢¦ä¸­çš„ç§˜å¢ƒ
https://www.mafengwo.cn/gonglve/ziyouxing/303868.html?cid=1010616,å—¨ç©ä¸€å¤ï¼åå¤§ç©æ³•ç•…æ¸¸å¤æ—¥ä¸¹ä½›ï¼ˆä¸‹ï¼‰
https://www.mafengwo.cn/i/23468525.html,è‡ªé©¾å·è¥¿ï¼Œå¯»é‚£ç‰‡æ¢¦ä¸­çš„ç§˜å¢ƒï¼ˆç»­ï¼‰
https://www.mafengwo.cn/gonglve/ziyouxing/64778.html?cid=1010616,æœ‰äº†è¿™äº›è£…å¤‡ï¼Œä½ çš„iPhoneä¹Ÿèƒ½é™ˆå¯è¾›â€¦é‚£ä¹ˆä¸€ç‚¹
https://www.mafengwo.cn/weixin/article-1790.html,é‡åº†12é“ç‰¹è‰²ç¾é£Ÿ
https://www.mafengwo.cn/gonglve/ziyouxing/408607.html?cid=1010616,è®¡åˆ’ä½ çš„å±±å—è‡ªé©¾ä¹‹æ—… ï¼š2æ¡çº¿è·¯ã€é€‰è½¦å»ºè®®ã€å‡ºè¡Œå¿…å¤‡
https://www.mafengwo.cn/i/24311178.html,æˆ‘çš„è‡ªé©¾ä¹‹æ—…ï½œä¸‡é‡Œå¥”èµ´ï¼Œå»å¹ä½ ã€æ–°ç–†ã€‘å¤å¤©çš„é£ï¼Œå»å¬ä½ èŠ±...
https://www.mafengwo.cn/i/23929028.html,å©ºæºï½œæ²¡æœ‰æ²¹èœèŠ±ï¼Œä½ ä¸€æ ·ç¾ä¸½
https://www.mafengwo.cn/gonglve/ziyouxing/121686.html?cid=1010616,æ¢ç§˜ç”°å›­è—å¯¨ï¼Œåšå®¢è‰åŸäººå®¶ï¼Œå·è¥¿è—åŒºæ·±åº¦äººæ–‡ä¹‹æ—…
https://www.mafengwo.cn/gonglve/ziyouxing/330736.html?cid=1010616,æ—¥æœ¬å¯¿å¸ç§ç±»æœ‰å“ªäº›ï¼Ÿæ˜¥å¤ç§‹å†¬ä¸­ å“å°ä»€ä¹ˆé±¼æœ€æ—¶ä»¤ï¼Ÿ
https://www.mafengwo.cn/gonglve/ziyouxing/164959.html?cid=1010616,åœ¨æ¸…è¿ˆï¼Œä½ å¯ä»¥è¿™æ ·â€œæµªè´¹â€ä¸ƒå¤©æ—¶å…‰
https://www.mafengwo.cn/i/24308681.html,æ¦†æ—â€”â€”é»„åœŸé«˜åŸçš„æ˜ç ï¼Œäº¤é€šä¾¿æ·çš„åŸå¸‚ï¼Œæ‹¥æœ‰ä¸°å¯Œæ™¯ç‚¹çš„æ—…...
https://www.mafengwo.cn/gonglve/ziyouxing/252085.html?cid=1010616,90%æ¸¸å®¢å°†é©¬å…­ç”²åˆ—å…¥è¡Œç¨‹ï¼Œé¸¡åœºè¡—æ‰¿åŒ…åƒå–ä¸ç©ä¹ï¼
https://www.mafengwo.cn/i/21166348.html,éŸ©å›½ï½œä¸æ­¢æœ‰æµªæ¼«çš„é£èŠ±é›ªæœˆï¼Œè¿˜æœ‰ä¸æˆ‘ä»¬å†å²æ¸Šæºææ·±çš„æ–‡åŒ–...
https://www.mafengwo.cn/gonglve/ziyouxing/406461.html?cid=1010616,é’å²›å´‚å±±æ€ä¹ˆç©ï¼Ÿä¸€ç¯‡æ•™ä½ ç©è½¬å´‚å±±
https://www.mafengwo.cn/i/9606649.html,ä¸Šæµ·å‘¨è¾¹åŠæ—¥æ¸¸ â€”â€”é‡‘æ³½&æœ±å®¶è§’
https://www.mafengwo.cn/gonglve/ziyouxing/327684.html?cid=1010616,æ›¼è°·ç‹æƒå…ç¨åº—åå¤§ç¾é£Ÿé¤å…ï¼Œæ²¡äº‹å°±å»åƒä¸€é¡¿éœ¸ç‹é¤å§
https://www.mafengwo.cn/i/22599379.html,é’æµ·ã€ç”˜è‚ƒè¡Œ---é’æµ·æ¹–ã€ç¿¡ç¿ æ¹–ã€è‰¾è‚¯æ³‰ã€ä¿„æ„½æ¢ã€é›…ä¸¹ã€æ¦†æ—...
https://www.mafengwo.cn/gonglve/ziyouxing/371560.html?cid=1010616,é’å²›ç½‘çº¢æ‰“å¡åœ°ï¼Œæ¥å¸‚åŒ—ï¼Œè¿™äº›ç¾æ™¯ä¸€é”®Get!
https://www.mafengwo.cn/i/24224397.html,ç«¥å¹´ï½œåœ¨ç›¸ä¿¡ç«¥è¯çš„å¹´é¾„ï¼Œå»é‡è§äº”å½©æ–‘æ–“çš„ç«¥è¯ä¸–ç•Œ
https://www.mafengwo.cn/gonglve/ziyouxing/162025.html?cid=1010616,2019æ³°å›½æ–¯ç±³å…°å‚²å¨‡çº¦ä½ ç›¸è§ï¼Œæ”¶ä¸‹æ½œæ°´å…¨æ”»ç•¥å»èµ´çº¦
https://www.mafengwo.cn/i/12098458.html,"æ–°å®‰æ±Ÿï¼Œä¸€å¹…æµåŠ¨çš„å±±æ°´ç”»å·
æ²¹èœèŠ±å¼€æ—¶ï¼Œæ™¯è‰²ç¾å…¥ç”»"
https://www.mafengwo.cn/gonglve/ziyouxing/126470.html?cid=1010616,åˆ˜é›¯å’ŒEllaéƒ½çˆ±çš„å…³å²›ï¼Œæ°´é™†ç©ºç©æ³•æ”»ç•¥å¿«æ”¶å¥½äº†
https://www.mafengwo.cn/gonglve/ziyouxing/52592.html?cid=1010616,æ¥æ‘©å°”æ›¼æ–¯å…‹ï¼Œå‡ åƒå…ƒè¿½ä¸€åœºå¥¢ä¾ˆçš„æå…‰
https://www.mafengwo.cn/i/11546934.html,2017å¹´æš‘å‡ï¼Œæˆ‘ä»¬ä»åŒ—å‘å—èµ°ï¼Œåœ¨è¶Šå—åº¦è¿‡äº†æ…¢æ‚ æ‚ çš„åå…­å¤©
https://www.mafengwo.cn/i/21330901.html,æ¢äº²è®¿å‹ç•…æ¸¸å±±ä¸œ
https://www.mafengwo.cn/i/8945498.html,ï¼ˆå››æ—¥æ¡‚æ—é˜³æœ”ç»å…¸æ¸¸ï¼‰ä¸€å¶è½»èˆŸè¿‡ï¼ŒçƒŸé›¨æ¼“æ±Ÿï¼Œè¯—æ„é˜³æœ”
https://www.mafengwo.cn/gonglve/ziyouxing/257278.html?cid=1010616,å†²ç»³å¿…ä¹°é™å®šä¼´æ‰‹ç¤¼calbeeé™å®šç‰ˆ/ROYCEå†²ç»³é™å®šæ–‡ã€‚
https://www.mafengwo.cn/i/11108854.html,ä¸ƒå½©è´µå·ï¼Œä¸€è·¯é»”è¡Œï¼ˆäº”æ—¥è´µå·â•ä¸¤æ—¥é‡åº†ï¼‰
https://www.mafengwo.cn/gonglve/ziyouxing/83994.html?cid=1010616,ç¾ä¸½çš„å°ä»™å¥³ä»¬ï¼Œè‘¡è„ç‰™â€œåœŸè‘—â€æŠ¤è‚¤å“äº†è§£ä¸€ä¸‹ï¼Ÿ
https://www.mafengwo.cn/weixin/article-2336.html,å¤åŒ—æ°´é•‡é…’åº—æ”»ç•¥â€”â€”é•¿åŸè„šä¸‹çš„æ¸©æ³‰å°é•‡ï¼
https://www.mafengwo.cn/i/18424954.html,äº”æ—¥ç•…æ¸¸ä¸‰äºšâ€”â€”æˆ‘åœ¨åŒ—çº¬23Â°çš„æ¸©æš–ä¸­ç­‰ä½ 
https://www.mafengwo.cn/i/23987564.html,ä¸æ–°ç–†åˆæ¬¡é‚‚é€…
https://www.mafengwo.cn/localdeals/mdd_topic_8338/?cid=1010616,è·Ÿç€æ˜æ˜Ÿæ¸¸æ¸…è¿ˆï¼Œæ­ç§˜å¤§è…•ä¸‹æ¦»åœ°
https://www.mafengwo.cn/gonglve/ziyouxing/31563.html?cid=1010616,ä¿„ç½—æ–¯åœ£å½¼å¾—å ¡æœ€å—å½“åœ°äººé’ççš„12ä¸ªé¤å…
https://www.mafengwo.cn/i/23548382.html,è¥¿æ˜Œ+ç‹å²—åª=å¦¥å¦¥çš„æ˜¥èŠ‚æ—¶å…‰
https://www.mafengwo.cn/gonglve/ziyouxing/390680.html?cid=1010616,å¹¿å·æ¸¸ç©çº¿è·¯
https://www.mafengwo.cn/i/15847302.html,äº”æ—¥äº”å¤œç©è½¬å´å“¥é«˜æ£‰æ¸¸ï¼ˆæµæ°´è´´éå®ç”¨ï¼‰
https://www.mafengwo.cn/i/23134269.html,ç™½å‘æ¸”æ¨µæ±Ÿæ¸šä¸Šï¼Œæƒ¯çœ‹ç§‹æœˆæ˜¥é£â€”â€”æ–°éƒ½å‡åºµç¥ Â·å®å…‰å¯º
https://www.mafengwo.cn/gonglve/ziyouxing/14052.html?cid=1010616,æ—¥æœ¬å…³è¥¿ï¼ˆå¤§é˜ª/äº¬éƒ½/å¥ˆè‰¯ï¼‰è‡ªç”±è¡Œè¶…å¼ºæ”»ç•¥
https://www.mafengwo.cn/gonglve/ziyouxing/416397.html?cid=1010616,ç¬¬ä¸€æ¬¡å»æ™ºåˆ©ç™¾å†…å›½å®¶å…¬å›­ï¼Œç©¶ç«Ÿè¯¥ç©ä»€ä¹ˆï¼Ÿæ€ä¹ˆç©ï¼Ÿ
https://www.mafengwo.cn/gonglve/ziyouxing/374148.html?cid=1010616,â€œå¿ƒæ¸¸å˜‰å…´â€ä¸Šæ–°ï¼åœ¨ä¸–ç•Œæ—…æ¸¸æ—¥ä¸€èµ·getæ—¶å°šâ€œæ–°æ±Ÿå—â€
https://www.mafengwo.cn/i/21946498.html,è‡ªé©¾æ²³å—è¡Œ
https://www.mafengwo.cn/gonglve/ziyouxing/289852.html?cid=1010616,èŠ­æé›…æ–°åœ°æ ‡â€”â€”Legend Siamæš¹ç½—ä¼ å¥‡ï¼Œå¼€å¯å›æº¯æ—¶å…‰ä¹‹æ—…
https://www.mafengwo.cn/gonglve/ziyouxing/405512.html?cid=1010616,å³¨çœ‰å±±è¡Œå‰å¿…çœ‹ä¸¨æ—¥å‡ºæ—¥è½æ—¶é—´ã€ç´¢é“ä¸æ™¯äº¤è½¦ã€é˜²å‘ç­‰
https://www.mafengwo.cn/gonglve/ziyouxing/383288.html?cid=1010616,æ½®æ±•ç¾é£Ÿéƒ½æœ‰å•¥ï¼Ÿ
https://www.mafengwo.cn/i/18905854.html,æ–°åŠ å¡â€”â€”3å¤©ç©è½¬ç‹®åŸç»ç¾ç²¾åæ‰“å¡å…¨æ”»ç•¥ï¼å°½äº«èµ¤é“å°½å¤´çš„é­…...
https://www.mafengwo.cn/i/10970778.html,æ·±ç§‹åŒ—ç–†è¡Œ-æ»¡è¶³å¯¹ç§‹å¤©çš„æ‰€æœ‰å¹»æƒ³
https://www.mafengwo.cn/i/23377773.html,è¿™ä¸ªé»‘é¾™æ±Ÿçš„å¤å¤©æœ‰ç‚¹â€œçƒ­â€â€”â€”å¤ªé˜³å²›ã€äº”å¤§è¿æ± ã€æ¼ æ²³å…«æ—¥...
https://www.mafengwo.cn/i/9352821.html,æ¨±èŠ±å­£ã€Šä½ çš„åå­—ã€‹åœ£åœ°å·¡ç¤¼ï¼ˆåå¤å±‹ã€é«˜å±±ã€ç™½å·ä¹¡ã€å¯Œå±±ã€...
https://www.mafengwo.cn/gonglve/ziyouxing/86042.html?cid=1010616,å·´å˜å²› | ç½‘çº¢æ‰“å¡åœ°æŒ‡å—
